timestamp,video_id,confidence,threshold,is_abnormal,model_path,seq_len,img_size,saved_video_path,event
2026-04-05T00:59:35.422911,cam1,0.0087,0.161,False
2026-04-05T00:59:36.729136,cam1,0.0349,0.161,False
2026-04-05T00:59:38.037566,cam1,0.0005,0.161,False
2026-04-05T00:59:39.329737,cam1,0.0007,0.161,False
2026-04-05T00:59:40.613523,cam1,0.0004,0.161,False
2026-04-05T00:59:41.905436,cam1,0.0004,0.161,False
2026-04-05T00:59:43.187680,cam1,0.0009,0.161,False
2026-04-05T00:59:44.481051,cam1,0.0004,0.161,False
2026-04-05T00:59:45.787490,cam1,0.0003,0.161,False
2026-04-05T00:59:47.074494,cam1,0.0003,0.161,False
2026-04-05T00:59:48.364316,cam1,0.0005,0.161,False
2026-04-05T00:59:49.680943,cam1,0.0009,0.161,False
2026-04-05T00:59:50.977785,cam1,0.0016,0.161,False
2026-04-05T00:59:52.277394,cam1,0.0004,0.161,False
2026-04-05T00:59:53.581789,cam1,0.0003,0.161,False
2026-04-05T00:59:54.890594,cam1,0.0003,0.161,False
2026-04-05T00:59:56.185836,cam1,0.0004,0.161,False
2026-04-05T00:59:57.534676,cam1,0.0005,0.161,False
2026-04-05T00:59:58.865262,cam1,0.0004,0.161,False
2026-04-05T01:00:00.147586,cam1,0.0008,0.161,False
2026-04-05T01:00:01.438916,cam1,0.1555,0.161,False
2026-04-05T01:00:02.732572,cam1,0.0004,0.161,False
2026-04-05T01:00:04.032948,cam1,0.0005,0.161,False
2026-04-05T01:00:05.326825,cam1,0.0004,0.161,False
2026-04-05T01:00:06.627543,cam1,0.0009,0.161,False
2026-04-05T01:00:07.937135,cam1,0.0088,0.161,False
2026-04-05T01:00:09.243980,cam1,0.0017,0.161,False
2026-04-05T01:00:10.561092,cam1,0.0008,0.161,False
2026-04-05T01:00:11.868298,cam1,0.0005,0.161,False
2026-04-05T01:00:13.191856,cam1,0.0004,0.161,False
2026-04-05T01:00:14.479171,cam1,0.0005,0.161,False
2026-04-05T01:00:15.779036,cam1,0.0004,0.161,False
2026-04-05T01:00:17.082554,cam1,0.0004,0.161,False
2026-04-05T01:00:18.381516,cam1,0.0004,0.161,False
2026-04-05T01:00:19.668423,cam1,0.0004,0.161,False
2026-04-05T01:00:20.967548,cam1,0.0005,0.161,False
2026-04-05T01:00:22.264262,cam1,0.0004,0.161,False
2026-04-05T01:00:23.548937,cam1,0.0003,0.161,False
2026-04-05T01:00:24.839809,cam1,0.0003,0.161,False
2026-04-05T01:00:26.475702,cam1,0.0003,0.161,False
2026-04-05T01:00:28.320665,cam1,0.1598,0.161,False
2026-04-05T01:00:30.167203,cam1,0.0003,0.161,False
2026-04-05T01:00:32.028662,cam1,0.0003,0.161,False
2026-04-05T01:00:33.887812,cam1,0.0003,0.161,False
2026-04-05T01:00:35.739915,cam1,0.0003,0.161,False
2026-04-05T01:00:37.592037,cam1,0.0003,0.161,False
2026-04-05T01:00:39.573118,cam1,0.0028,0.161,False
2026-04-05T01:00:41.799037,cam1,0.0003,0.161,False
2026-04-05T01:00:43.800566,cam1,0.0003,0.161,False
2026-04-05T01:00:45.878813,cam1,0.0005,0.161,False
2026-04-05T01:00:47.939674,cam1,0.0003,0.161,False
2026-04-05T01:00:49.519231,cam1,0.0003,0.161,False
2026-04-05T01:00:50.813748,cam1,0.0003,0.161,False
2026-04-05T01:00:52.130106,cam1,0.0003,0.161,False
2026-04-05T01:00:53.423329,cam1,0.0003,0.161,False
2026-04-05T01:00:54.850941,cam1,0.0003,0.161,False
2026-04-05T01:00:56.322904,cam1,0.0003,0.161,False
2026-04-05T01:00:57.755244,cam1,0.0009,0.161,False
2026-04-05T01:00:59.280129,cam1,0.0004,0.161,False
2026-04-05T01:01:00.756171,cam1,0.0003,0.161,False
2026-04-05T01:01:02.238766,cam1,0.0021,0.161,False
2026-04-05T01:01:03.741642,cam1,0.2901,0.161,True
2026-04-05T01:01:05.275773,cam1,0.0006,0.161,False
2026-04-05T01:01:06.728591,cam1,0.0003,0.161,False
2026-04-05T01:01:08.167631,cam1,0.0003,0.161,False
2026-04-05T01:01:09.641584,cam1,0.0004,0.161,False
2026-04-05T01:01:11.129126,cam1,0.0003,0.161,False
2026-04-05T01:01:12.741692,cam1,0.0004,0.161,False
2026-04-05T01:01:14.201761,cam1,0.0003,0.161,False
2026-04-05T01:01:15.635352,cam1,0.0003,0.161,False
2026-04-05T01:01:17.091646,cam1,0.0003,0.161,False
2026-04-05T01:01:18.561651,cam1,0.0004,0.161,False
2026-04-05T01:01:19.978934,cam1,0.0004,0.161,False
2026-04-05T01:01:21.421985,cam1,0.0005,0.161,False
2026-04-05T01:01:22.885632,cam1,0.0007,0.161,False
2026-04-05T01:01:24.317390,cam1,0.0004,0.161,False
2026-04-05T01:01:25.856549,cam1,0.0005,0.161,False
2026-04-05T01:01:27.432569,cam1,0.0078,0.161,False
2026-04-05T01:01:28.861515,cam1,0.0005,0.161,False
2026-04-05T01:01:30.341702,cam1,0.9706,0.161,True
2026-04-05T01:01:31.790416,cam1,0.0004,0.161,False
2026-04-05T01:01:33.288800,cam1,0.0004,0.161,False
2026-04-05T01:01:34.833914,cam1,0.0004,0.161,False
2026-04-05T01:01:36.304665,cam1,0.0029,0.161,False
2026-04-05T01:01:37.835406,cam1,0.0646,0.161,False
2026-04-05T01:01:39.361361,cam1,0.0006,0.161,False
2026-04-05T01:01:40.858272,cam1,0.0005,0.161,False
2026-04-05T01:01:42.392806,cam1,0.0006,0.161,False
2026-04-05T01:01:43.828653,cam1,0.0017,0.161,False
2026-04-05T01:01:45.287157,cam1,0.0016,0.161,False
2026-04-05T01:01:46.781792,cam1,0.0015,0.161,False
2026-04-05T01:01:48.338781,cam1,0.0016,0.161,False
2026-04-05T01:01:49.855528,cam1,0.0012,0.161,False
2026-04-05T01:01:51.409247,cam1,0.0011,0.161,False
2026-04-05T01:01:52.953520,cam1,0.0015,0.161,False
2026-04-05T01:01:54.474048,cam1,0.0010,0.161,False
2026-04-05T01:01:55.917825,cam1,0.0009,0.161,False
2026-04-05T01:01:57.488759,cam1,0.0005,0.161,False
2026-04-05T01:01:59.046330,cam1,0.0006,0.161,False
2026-04-05T01:02:00.495378,cam1,0.0004,0.161,False
2026-04-05T01:02:02.045247,cam1,0.0004,0.161,False
2026-04-05T01:02:03.540755,cam1,0.0009,0.161,False
2026-04-05T01:02:05.027806,cam1,0.0004,0.161,False
2026-04-05T01:02:06.528997,cam1,0.0004,0.161,False
2026-04-05T01:02:08.082015,cam1,0.0003,0.161,False
2026-04-05T01:02:09.561297,cam1,0.0003,0.161,False
2026-04-05T01:02:11.048059,cam1,0.0004,0.161,False
2026-04-05T01:02:12.584820,cam1,0.0004,0.161,False
2026-04-05T01:02:14.069205,cam1,0.0003,0.161,False
2026-04-05T01:02:15.344622,cam1,0.0004,0.161,False
2026-04-05T01:02:16.660128,cam1,0.0003,0.161,False
2026-04-05T01:02:17.951803,cam1,0.0003,0.161,False
2026-04-05T01:02:19.253911,cam1,0.0003,0.161,False
2026-04-05T01:02:20.541911,cam1,0.0003,0.161,False
2026-04-05T01:02:21.859918,cam1,0.0003,0.161,False
2026-04-05T01:02:23.135007,cam1,0.0003,0.161,False
2026-04-05T01:02:24.429922,cam1,0.0003,0.161,False
2026-04-05T01:02:25.730108,cam1,0.0003,0.161,False
2026-04-05T01:02:27.025467,cam1,0.0003,0.161,False
2026-04-05T01:02:28.322203,cam1,0.0003,0.161,False
2026-04-05T01:02:29.623743,cam1,0.0003,0.161,False
2026-04-05T01:02:30.928011,cam1,0.0002,0.161,False
2026-04-05T01:02:32.216342,cam1,0.0002,0.161,False
2026-04-05T01:02:33.512280,cam1,0.0002,0.161,False
2026-04-05T01:02:34.813052,cam1,0.0003,0.161,False
2026-04-05T01:02:36.106968,cam1,0.0004,0.161,False
2026-04-05T01:02:37.398202,cam1,0.0003,0.161,False
2026-04-05T01:02:38.690261,cam1,0.0004,0.161,False
2026-04-05T01:02:40.005661,cam1,0.0008,0.161,False
2026-04-05T01:02:41.297835,cam1,0.0004,0.161,False
2026-04-05T01:02:42.612879,cam1,0.0003,0.161,False
2026-04-05T01:02:43.887050,cam1,0.0004,0.161,False
2026-04-05T01:02:45.184757,cam1,0.0004,0.161,False
2026-04-05T01:02:46.482297,cam1,0.0004,0.161,False
2026-04-05T01:02:47.774966,cam1,0.0004,0.161,False
2026-04-05T01:02:49.258860,cam1,0.0004,0.161,False
2026-04-05T01:02:50.737388,cam1,0.0004,0.161,False
2026-04-05T01:02:52.234920,cam1,0.0004,0.161,False
2026-04-05T01:02:53.730770,cam1,0.0003,0.161,False
2026-04-05T01:02:55.171949,cam1,0.0003,0.161,False
2026-04-05T01:02:56.460941,cam1,0.0003,0.161,False
2026-04-05T01:02:57.760895,cam1,0.0004,0.161,False
2026-04-05T01:02:59.053449,cam1,0.0004,0.161,False
2026-04-05T01:03:00.358762,cam1,0.0003,0.161,False
2026-04-05T01:03:01.639830,cam1,0.0004,0.161,False
2026-04-05T01:03:02.936343,cam1,0.0004,0.161,False
2026-04-05T01:03:04.241413,cam1,0.0004,0.161,False
2026-04-05T01:03:05.530441,cam1,0.0004,0.161,False
2026-04-05T01:03:06.839511,cam1,0.0004,0.161,False
2026-04-05T01:03:08.128832,cam1,0.0117,0.161,False
2026-04-05T01:03:09.421478,cam1,0.0005,0.161,False
2026-04-05T01:03:10.722047,cam1,0.0004,0.161,False
2026-04-05T01:03:12.027463,cam1,0.0005,0.161,False
2026-04-05T01:04:53.513269,cam1,0.0035,0.161,False
2026-04-05T01:04:54.816832,cam1,0.0723,0.161,False
2026-04-05T01:04:56.128058,cam1,0.0010,0.161,False
2026-04-05T01:04:57.413322,cam1,0.0009,0.161,False
2026-04-05T01:04:58.698973,cam1,0.0007,0.161,False
2026-04-05T01:04:59.970138,cam1,0.0017,0.161,False
2026-04-05T01:05:01.273084,cam1,0.0119,0.161,False
2026-04-05T01:05:02.569316,cam1,0.2668,0.161,True
2026-04-05T01:05:03.857297,cam1,0.0015,0.161,False
2026-04-05T01:05:05.161448,cam1,0.0072,0.161,False
2026-04-05T01:05:06.455330,cam1,0.1243,0.161,False
2026-04-05T01:05:07.767152,cam1,0.0196,0.161,False
2026-04-05T01:05:09.090299,cam1,0.0339,0.161,False
2026-04-05T01:05:10.555108,cam1,0.0095,0.161,False
2026-04-05T01:05:12.017872,cam1,0.0008,0.161,False
2026-04-05T01:05:13.489014,cam1,0.0016,0.161,False
2026-04-05T01:05:15.000299,cam1,0.0005,0.161,False
2026-04-05T01:05:16.514401,cam1,0.0059,0.161,False
2026-04-05T01:05:17.981074,cam1,0.0006,0.161,False
2026-04-05T01:05:19.509230,cam1,0.0007,0.161,False
2026-04-05T01:05:20.975975,cam1,0.0026,0.161,False
2026-04-05T01:05:22.669130,cam1,0.0008,0.161,False
2026-04-05T01:05:24.325247,cam1,0.0008,0.161,False
2026-04-05T01:05:25.842406,cam1,0.0008,0.161,False
2026-04-05T01:05:27.311007,cam1,0.0016,0.161,False
2026-04-05T01:05:28.849098,cam1,0.0017,0.161,False
2026-04-05T01:05:30.333987,cam1,0.0013,0.161,False
2026-04-05T01:05:31.965417,cam1,0.0032,0.161,False
2026-04-05T01:05:33.451754,cam1,0.0010,0.161,False
2026-04-05T01:05:34.988895,cam1,0.0030,0.161,False
2026-04-05T01:05:36.465269,cam1,0.0014,0.161,False
2026-04-05T01:05:37.914278,cam1,0.0008,0.161,False
2026-04-05T01:05:39.396054,cam1,0.0007,0.161,False
2026-04-05T01:05:40.866083,cam1,0.0010,0.161,False
2026-04-05T01:05:42.423682,cam1,0.0011,0.161,False
2026-04-05T01:05:43.895036,cam1,0.0015,0.161,False
2026-04-05T01:05:45.425102,cam1,0.0013,0.161,False
2026-04-05T01:05:46.892122,cam1,0.0012,0.161,False
2026-04-05T01:05:48.461092,cam1,0.0012,0.161,False
2026-04-05T01:05:49.968887,cam1,0.0012,0.161,False
2026-04-05T01:05:51.456608,cam1,0.0013,0.161,False
2026-04-05T01:05:52.955523,cam1,0.0008,0.161,False
2026-04-05T01:05:54.486846,cam1,0.0022,0.161,False
2026-04-05T01:05:55.791472,cam1,0.0011,0.161,False
2026-04-05T01:05:57.098972,cam1,0.0008,0.161,False
2026-04-05T01:05:58.398396,cam1,0.0008,0.161,False
2026-04-05T01:05:59.698730,cam1,0.0010,0.161,False
2026-04-05T01:06:01.046264,cam1,0.0010,0.161,False
2026-04-05T01:06:02.902977,cam1,0.0014,0.161,False
2026-04-05T01:06:04.756949,cam1,0.0014,0.161,False
2026-04-05T01:06:06.607368,cam1,0.0013,0.161,False
2026-04-05T01:06:08.456070,cam1,0.0009,0.161,False
2026-04-05T01:06:10.333266,cam1,0.0015,0.161,False
2026-04-05T01:06:12.169048,cam1,0.2784,0.161,True
2026-04-05T01:06:14.032762,cam1,0.9919,0.161,True
2026-04-05T01:06:15.874546,cam1,0.0038,0.161,False
2026-04-05T01:06:17.750482,cam1,0.0018,0.161,False
2026-04-05T01:06:19.586594,cam1,0.0028,0.161,False
2026-04-05T01:06:21.428831,cam1,0.0026,0.161,False
2026-04-05T01:06:23.301367,cam1,0.0313,0.161,False
2026-04-05T01:06:25.150790,cam1,0.0026,0.161,False
2026-04-05T01:06:27.020437,cam1,0.5460,0.161,True
2026-04-05T01:06:28.852742,cam1,0.0015,0.161,False
2026-04-05T01:06:30.751578,cam1,0.0014,0.161,False
2026-04-05T01:06:32.615619,cam1,0.0020,0.161,False
2026-04-05T01:06:34.483930,cam1,0.0012,0.161,False
2026-04-05T01:06:36.334777,cam1,0.0016,0.161,False
2026-04-05T01:06:38.183978,cam1,0.0022,0.161,False
2026-04-05T01:06:40.046873,cam1,0.0016,0.161,False
2026-04-05T01:06:41.893749,cam1,0.0015,0.161,False
2026-04-05T01:06:43.759892,cam1,0.0012,0.161,False
2026-04-05T01:06:45.621804,cam1,0.0021,0.161,False
2026-04-05T01:06:47.449060,cam1,0.0013,0.161,False
2026-04-05T01:06:49.300708,cam1,0.0013,0.161,False
2026-04-05T01:06:50.620039,cam1,0.0006,0.161,False
2026-04-05T01:06:51.915697,cam1,0.0006,0.161,False
2026-04-05T01:06:53.209142,cam1,0.0009,0.161,False
2026-04-05T01:06:54.509176,cam1,0.0011,0.161,False
2026-04-05T01:06:55.806703,cam1,0.0007,0.161,False
2026-04-05T01:06:57.095226,cam1,0.0007,0.161,False
2026-04-05T01:06:58.402607,cam1,0.0006,0.161,False
2026-04-05T01:06:59.687655,cam1,0.0006,0.161,False
2026-04-05T01:07:00.994473,cam1,0.0006,0.161,False
2026-04-05T01:07:02.285892,cam1,0.0006,0.161,False
2026-04-05T01:07:03.581215,cam1,0.0006,0.161,False
2026-04-05T01:07:04.846675,cam1,0.0006,0.161,False
2026-04-05T01:07:06.148220,cam1,0.0006,0.161,False
2026-04-05T01:07:07.431624,cam1,0.0006,0.161,False
2026-04-05T01:07:08.709439,cam1,0.0006,0.161,False
2026-04-05T01:07:10.002585,cam1,0.0005,0.161,False
2026-04-05T01:07:11.290898,cam1,0.0005,0.161,False
2026-04-05T01:07:12.583020,cam1,0.0004,0.161,False
2026-04-05T01:07:13.854289,cam1,0.0011,0.161,False
2026-04-05T01:07:15.146705,cam1,0.0005,0.161,False
2026-04-05T01:07:16.425749,cam1,0.0005,0.161,False
2026-04-05T01:07:17.710727,cam1,0.0004,0.161,False
2026-04-05T01:07:18.971778,cam1,0.0006,0.161,False
2026-04-05T01:07:20.247487,cam1,0.0007,0.161,False
2026-04-05T01:07:21.529959,cam1,0.0007,0.161,False
2026-04-05T01:07:22.795486,cam1,0.0007,0.161,False
2026-04-05T01:07:24.072125,cam1,0.0006,0.161,False
2026-04-05T01:07:25.352444,cam1,0.0006,0.161,False
2026-04-05T01:07:26.626989,cam1,0.0007,0.161,False
2026-04-05T01:07:27.928926,cam1,0.0008,0.161,False
2026-04-05T01:07:29.227088,cam1,0.0011,0.161,False
2026-04-05T01:07:30.527056,cam1,0.0007,0.161,False
2026-04-05T01:07:31.823326,cam1,0.0008,0.161,False
2026-04-05T01:07:33.105080,cam1,0.0007,0.161,False
2026-04-05T01:07:34.409000,cam1,0.0007,0.161,False
2026-04-05T01:07:35.697867,cam1,0.0006,0.161,False
2026-04-05T01:07:36.997914,cam1,0.0007,0.161,False
2026-04-05T01:07:38.291636,cam1,0.0007,0.161,False
2026-04-05T01:07:39.587278,cam1,0.0006,0.161,False
2026-04-05T01:07:40.887321,cam1,0.0007,0.161,False
2026-04-05T01:07:42.146887,cam1,0.0003,0.161,False
2026-04-05T01:07:43.454355,cam1,0.0229,0.161,False
2026-04-05T01:07:44.710210,cam1,0.0020,0.161,False
2026-04-05T01:07:46.221798,cam1,0.0012,0.161,False
2026-04-05T01:07:47.696255,cam1,0.0012,0.161,False
2026-04-05T01:07:49.144089,cam1,0.0014,0.161,False
2026-04-05T01:07:50.622713,cam1,0.0015,0.161,False
2026-04-05T01:07:52.065071,cam1,0.0072,0.161,False
2026-04-05T01:07:53.599961,cam1,0.0018,0.161,False
2026-04-05T01:07:55.115667,cam1,0.7963,0.161,True
2026-04-05T01:07:56.590663,cam1,0.9838,0.161,True
2026-04-05T01:16:49.548950,cam1,0.0005,0.161,False
2026-04-05T01:16:50.882909,cam1,0.0005,0.161,False
2026-04-05T01:16:52.195895,cam1,0.0004,0.161,False
2026-04-05T01:16:53.502979,cam1,0.0004,0.161,False
2026-04-05T01:16:54.788832,cam1,0.0004,0.161,False
2026-04-05T01:16:56.090242,cam1,0.0004,0.161,False
2026-04-05T01:16:57.420612,cam1,0.1011,0.161,False
2026-04-05T01:16:58.708189,cam1,0.0004,0.161,False
2026-04-05T01:17:00.036465,cam1,0.0009,0.161,False
2026-04-05T01:17:01.351799,cam1,0.0005,0.161,False
2026-04-05T01:17:02.671607,cam1,0.0006,0.161,False
2026-04-05T01:17:03.988869,cam1,0.0005,0.161,False
2026-04-05T01:17:05.296819,cam1,0.0004,0.161,False
2026-04-05T01:17:06.596793,cam1,0.0005,0.161,False
2026-04-05T01:17:07.908398,cam1,0.0004,0.161,False
2026-04-05T01:17:09.192110,cam1,0.0005,0.161,False
2026-04-05T01:17:10.494069,cam1,0.0005,0.161,False
2026-04-05T01:17:11.789918,cam1,0.0005,0.161,False
2026-04-05T01:17:13.079586,cam1,0.0005,0.161,False
2026-04-05T01:17:14.365520,cam1,0.0003,0.161,False
2026-04-05T01:17:15.632205,cam1,0.0004,0.161,False
2026-04-05T01:17:16.910003,cam1,0.0004,0.161,False
2026-04-05T01:17:18.208502,cam1,0.0003,0.161,False
2026-04-05T01:17:19.559267,cam1,0.1698,0.161,True
2026-04-05T01:17:20.868590,cam1,0.0020,0.161,False
2026-04-05T01:17:22.320660,cam1,0.0239,0.161,False
2026-04-05T01:17:23.707160,cam1,0.0013,0.161,False
2026-04-05T01:17:24.998639,cam1,0.0009,0.161,False
2026-04-05T01:17:26.473143,cam1,0.0334,0.161,False
2026-04-05T01:17:27.991003,cam1,0.0018,0.161,False
2026-04-05T01:17:29.447929,cam1,0.0006,0.161,False
2026-04-05T01:17:30.925784,cam1,0.0909,0.161,False
2026-04-05T01:17:32.517742,cam1,0.0010,0.161,False
2026-04-05T01:17:34.024059,cam1,0.0065,0.161,False
2026-04-05T01:17:35.721966,cam1,0.0397,0.161,False
2026-04-05T01:17:37.222773,cam1,0.0014,0.161,False
2026-04-05T01:17:38.758938,cam1,0.0006,0.161,False
2026-04-05T01:17:40.230923,cam1,0.0014,0.161,False
2026-04-05T01:17:41.833324,cam1,0.0008,0.161,False
2026-04-05T01:17:43.315306,cam1,0.0012,0.161,False
2026-04-05T01:17:44.808640,cam1,0.0013,0.161,False
2026-04-05T01:17:46.348225,cam1,0.0009,0.161,False
2026-04-05T01:17:47.816176,cam1,0.0037,0.161,False
2026-04-05T01:17:49.096446,cam1,0.0005,0.161,False
2026-04-05T01:17:50.386495,cam1,0.0008,0.161,False
2026-04-05T01:17:51.691884,cam1,0.0005,0.161,False
2026-04-05T01:17:52.990842,cam1,0.0004,0.161,False
2026-04-05T01:17:54.297724,cam1,0.0006,0.161,False
2026-04-05T01:17:55.600841,cam1,0.0005,0.161,False
2026-04-05T01:17:56.910381,cam1,0.0005,0.161,False
2026-04-05T01:17:58.220507,cam1,0.0006,0.161,False
2026-04-05T01:17:59.509030,cam1,0.0015,0.161,False
2026-04-05T01:18:00.816545,cam1,0.0008,0.161,False
2026-04-05T01:18:02.096757,cam1,0.0004,0.161,False
2026-04-05T01:18:03.399948,cam1,0.0006,0.161,False
2026-04-05T01:18:04.684931,cam1,0.0004,0.161,False
2026-04-05T01:18:05.952963,cam1,0.0006,0.161,False
2026-04-05T01:18:07.263697,cam1,0.0012,0.161,False
2026-04-05T01:18:08.550806,cam1,0.0005,0.161,False
2026-04-05T01:18:09.841645,cam1,0.0005,0.161,False
2026-04-05T01:18:11.111171,cam1,0.0004,0.161,False
2026-04-05T01:18:12.441477,cam1,0.0004,0.161,False
2026-04-05T01:18:13.732358,cam1,0.0004,0.161,False
2026-04-05T01:18:14.990541,cam1,0.0004,0.161,False
2026-04-05T01:18:16.268764,cam1,0.0004,0.161,False
2026-04-05T01:18:17.558327,cam1,0.0004,0.161,False
2026-04-05T01:18:18.865209,cam1,0.0004,0.161,False
2026-04-05T01:18:20.170758,cam1,0.0004,0.161,False
2026-04-05T01:18:21.461184,cam1,0.0005,0.161,False
2026-04-05T01:18:22.755895,cam1,0.0006,0.161,False
2026-04-05T01:18:24.060292,cam1,0.0007,0.161,False
2026-04-05T01:18:25.349835,cam1,0.0004,0.161,False
2026-04-05T01:18:26.636176,cam1,0.0004,0.161,False
2026-04-05T01:18:27.945332,cam1,0.0004,0.161,False
2026-04-05T01:18:29.248025,cam1,0.0753,0.161,False
2026-04-05T01:18:30.529663,cam1,0.0004,0.161,False
2026-04-05T01:18:31.824535,cam1,0.0004,0.161,False
2026-04-05T01:18:33.096046,cam1,0.0004,0.161,False
2026-04-05T01:18:34.397739,cam1,0.0005,0.161,False
2026-04-05T01:18:35.676373,cam1,0.0004,0.161,False
2026-04-05T01:18:36.951740,cam1,0.0008,0.161,False
2026-04-05T01:18:38.252104,cam1,0.0005,0.161,False
2026-04-05T01:18:39.537754,cam1,0.0004,0.161,False
2026-04-05T01:18:40.800529,cam1,0.0006,0.161,False
2026-04-05T01:18:42.073385,cam1,0.0004,0.161,False
2026-04-05T01:18:43.366374,cam1,0.0006,0.161,False
2026-04-05T01:18:44.652891,cam1,0.0005,0.161,False
2026-04-05T01:18:45.924597,cam1,0.0008,0.161,False
2026-04-05T01:18:47.191975,cam1,0.0008,0.161,False
2026-04-05T01:18:48.479866,cam1,0.0008,0.161,False
2026-04-05T01:18:49.752398,cam1,0.1415,0.161,False
2026-04-05T01:18:51.043773,cam1,0.0004,0.161,False
2026-04-05T01:18:52.295942,cam1,0.0014,0.161,False
2026-04-05T01:18:53.586812,cam1,0.0003,0.161,False
2026-04-05T01:18:54.866403,cam1,0.0003,0.161,False
2026-04-05T01:18:56.156422,cam1,0.0003,0.161,False
2026-04-05T01:18:57.460578,cam1,0.0003,0.161,False
2026-04-05T01:18:58.774720,cam1,0.0002,0.161,False
2026-04-05T01:19:13.523722,cam1,0.0003,0.161,False
2026-04-05T01:19:14.839582,cam1,0.0003,0.161,False
2026-04-05T01:19:16.129999,cam1,0.0003,0.161,False
2026-04-05T01:19:17.421052,cam1,0.0003,0.161,False
2026-04-05T01:19:18.727339,cam1,0.0003,0.161,False
2026-04-05T01:19:20.017891,cam1,0.0003,0.161,False
2026-04-05T01:19:21.316556,cam1,0.0003,0.161,False
2026-04-05T01:19:22.612232,cam1,0.0003,0.161,False
2026-04-05T01:19:23.901847,cam1,0.0002,0.161,False
2026-04-05T01:19:25.217309,cam1,0.0002,0.161,False
2026-04-05T01:19:26.516123,cam1,0.0002,0.161,False
2026-04-05T01:19:27.821560,cam1,0.0002,0.161,False
2026-04-05T01:19:29.138731,cam1,0.0002,0.161,False
2026-04-05T01:19:30.426718,cam1,0.0002,0.161,False
2026-04-05T01:19:31.726519,cam1,0.0002,0.161,False
2026-04-05T01:19:33.019907,cam1,0.0002,0.161,False
2026-04-05T01:19:34.322256,cam1,0.0002,0.161,False
2026-04-05T01:19:35.612529,cam1,0.0002,0.161,False
2026-04-05T01:19:36.915477,cam1,0.0002,0.161,False
2026-04-05T01:19:38.203223,cam1,0.0002,0.161,False
2026-04-05T01:19:39.506376,cam1,0.0002,0.161,False
2026-04-05T01:19:40.798407,cam1,0.0002,0.161,False
2026-04-05T01:19:42.094301,cam1,0.0002,0.161,False
2026-04-05T01:19:43.387592,cam1,0.0002,0.161,False
2026-04-05T01:19:44.713441,cam1,0.0003,0.161,False
2026-04-05T01:19:45.986812,cam1,0.0002,0.161,False
2026-04-05T01:19:47.302726,cam1,0.0002,0.161,False
2026-04-05T01:19:48.588623,cam1,0.0002,0.161,False
2026-04-05T01:19:49.894911,cam1,0.0003,0.161,False
2026-04-05T01:19:51.185897,cam1,0.0003,0.161,False
2026-04-05T01:19:52.477433,cam1,0.0002,0.161,False
2026-04-05T01:19:53.777821,cam1,0.0003,0.161,False
2026-04-05T01:19:55.077962,cam1,0.0005,0.161,False
2026-04-05T01:19:56.368487,cam1,0.0002,0.161,False
2026-04-05T01:19:57.666737,cam1,0.0002,0.161,False
2026-04-05T01:19:58.957214,cam1,0.0002,0.161,False
2026-04-05T01:20:00.256805,cam1,0.0002,0.161,False
2026-04-05T01:20:01.565460,cam1,0.0002,0.161,False
2026-04-05T01:20:02.843214,cam1,0.0002,0.161,False
2026-04-05T01:20:04.136479,cam1,0.0002,0.161,False
2026-04-05T01:20:05.396947,cam1,0.0041,0.161,False
2026-04-05T01:20:06.666854,cam1,0.0036,0.161,False
2026-04-05T01:20:07.935797,cam1,0.0017,0.161,False
2026-04-05T01:20:09.229017,cam1,0.0013,0.161,False
2026-04-05T01:20:10.528256,cam1,0.0007,0.161,False
2026-04-05T01:20:11.818773,cam1,0.0007,0.161,False
2026-04-05T01:20:13.078882,cam1,0.0008,0.161,False
2026-04-05T01:20:14.357549,cam1,0.0026,0.161,False
2026-04-05T01:20:15.634746,cam1,0.0008,0.161,False
2026-04-05T01:20:16.906975,cam1,0.0008,0.161,False
2026-04-05T01:20:18.219640,cam1,0.0006,0.161,False
2026-04-05T01:20:19.513324,cam1,0.0003,0.161,False
2026-04-05T01:20:20.811636,cam1,0.0005,0.161,False
2026-04-05T01:20:22.101800,cam1,0.0002,0.161,False
2026-04-05T01:20:23.398464,cam1,0.0021,0.161,False
2026-04-05T01:20:24.691494,cam1,0.0093,0.161,False
2026-04-05T01:20:25.994933,cam1,0.0003,0.161,False
2026-04-05T01:20:27.305299,cam1,0.0019,0.161,False
2026-04-05T01:20:28.585454,cam1,0.0009,0.161,False
2026-04-05T01:20:29.877748,cam1,0.0010,0.161,False
2026-04-05T01:20:31.179409,cam1,0.0009,0.161,False
2026-04-05T01:20:32.477492,cam1,0.0007,0.161,False
2026-04-05T01:20:33.759219,cam1,0.0007,0.161,False
2026-04-05T01:20:35.024438,cam1,0.0007,0.161,False
2026-04-05T01:20:36.294468,cam1,0.0007,0.161,False
2026-04-05T01:20:37.557024,cam1,0.0007,0.161,False
2026-04-05T01:20:38.821926,cam1,0.0008,0.161,False
2026-04-05T01:20:40.081684,cam1,0.0507,0.161,False
2026-04-05T01:20:41.364125,cam1,0.0045,0.161,False
2026-04-05T01:20:42.657922,cam1,0.0011,0.161,False
2026-04-05T01:20:43.936324,cam1,0.0012,0.161,False
2026-04-05T01:20:45.198835,cam1,0.0010,0.161,False
2026-04-05T01:20:46.472920,cam1,0.0009,0.161,False
2026-04-05T01:20:47.745366,cam1,0.0009,0.161,False
2026-04-05T01:20:49.023410,cam1,0.0011,0.161,False
2026-04-05T01:20:50.288598,cam1,0.0010,0.161,False
2026-04-05T01:20:51.556023,cam1,0.0012,0.161,False
2026-04-05T01:20:52.827860,cam1,0.0012,0.161,False
2026-04-05T01:20:54.115377,cam1,0.0008,0.161,False
2026-04-05T01:20:55.390259,cam1,0.0009,0.161,False
2026-04-05T01:20:56.670680,cam1,0.0012,0.161,False
2026-04-05T01:20:57.940265,cam1,0.0008,0.161,False
2026-04-05T01:20:59.208399,cam1,0.0011,0.161,False
2026-04-05T01:21:00.533557,cam1,0.0010,0.161,False
2026-04-05T01:21:01.793124,cam1,0.0011,0.161,False
2026-04-05T01:21:03.060217,cam1,0.0013,0.161,False
2026-04-05T01:21:04.351788,cam1,0.0011,0.161,False
2026-04-05T01:21:05.620588,cam1,0.0009,0.161,False
2026-04-05T01:21:06.879311,cam1,0.0009,0.161,False
2026-04-05T01:21:08.144873,cam1,0.0010,0.161,False
2026-04-05T01:21:09.405983,cam1,0.0008,0.161,False
2026-04-05T01:21:10.667404,cam1,0.0045,0.161,False
2026-04-05T01:21:11.933268,cam1,0.0011,0.161,False
2026-04-05T01:21:13.199870,cam1,0.0010,0.161,False
2026-04-05T01:21:14.468817,cam1,0.0010,0.161,False
2026-04-05T01:21:15.735332,cam1,0.0009,0.161,False
2026-04-05T01:21:16.992539,cam1,0.0011,0.161,False
2026-04-05T01:21:18.259790,cam1,0.0011,0.161,False
2026-04-05T01:21:19.516490,cam1,0.0010,0.161,False
2026-04-05T01:21:20.789470,cam1,0.0010,0.161,False
2026-04-05T01:21:22.053825,cam1,0.0009,0.161,False
2026-04-05T01:21:23.310425,cam1,0.0454,0.161,False
2026-04-05T01:21:24.614450,cam1,0.0005,0.161,False
2026-04-05T01:21:25.903197,cam1,0.0005,0.161,False
2026-04-05T01:21:27.168048,cam1,0.0005,0.161,False
2026-04-05T01:21:28.441773,cam1,0.0005,0.161,False
2026-04-05T01:21:29.700569,cam1,0.0004,0.161,False
2026-04-05T01:21:30.971531,cam1,0.0006,0.161,False
2026-04-05T01:21:32.259692,cam1,0.0004,0.161,False
2026-04-05T01:21:33.555274,cam1,0.0007,0.161,False
2026-04-05T01:21:34.837362,cam1,0.0031,0.161,False
2026-04-05T01:21:36.116714,cam1,0.0004,0.161,False
2026-04-05T01:21:37.376911,cam1,0.0005,0.161,False
2026-04-05T01:21:38.638668,cam1,0.0004,0.161,False
2026-04-05T01:21:39.917610,cam1,0.0004,0.161,False
2026-04-05T01:21:41.205384,cam1,0.0005,0.161,False
2026-04-05T01:21:42.464261,cam1,0.0005,0.161,False
2026-04-05T01:21:43.741828,cam1,0.0003,0.161,False
2026-04-05T01:21:45.020845,cam1,0.0004,0.161,False
2026-04-05T01:21:46.294024,cam1,0.0004,0.161,False
2026-04-05T01:21:47.550475,cam1,0.0003,0.161,False
2026-04-05T01:21:48.818137,cam1,0.0004,0.161,False
2026-04-05T01:21:50.078996,cam1,0.0004,0.161,False
2026-04-05T01:21:51.347014,cam1,0.0004,0.161,False
2026-04-05T01:21:52.616071,cam1,0.0004,0.161,False
2026-04-05T01:21:53.873086,cam1,0.0004,0.161,False
2026-04-05T01:21:55.135732,cam1,0.0004,0.161,False
2026-04-05T01:21:56.397605,cam1,0.0003,0.161,False
2026-04-05T01:21:57.665542,cam1,0.0004,0.161,False
2026-04-05T01:21:58.940187,cam1,0.0004,0.161,False
2026-04-05T01:22:00.227087,cam1,0.0003,0.161,False
2026-04-05T01:22:01.488845,cam1,0.0004,0.161,False
2026-04-05T01:22:02.756964,cam1,0.0004,0.161,False
2026-04-05T01:22:04.013532,cam1,0.0004,0.161,False
2026-04-05T01:22:05.279338,cam1,0.0003,0.161,False
2026-04-05T01:22:06.582698,cam1,0.0004,0.161,False
2026-04-05T01:22:07.839994,cam1,0.0004,0.161,False
2026-04-05T01:22:09.116754,cam1,0.0003,0.161,False
2026-04-05T01:22:10.402695,cam1,0.0004,0.161,False
2026-04-05T01:22:11.678573,cam1,0.0003,0.161,False
2026-04-05T01:22:12.953023,cam1,0.0004,0.161,False
2026-04-05T01:22:14.225632,cam1,0.0004,0.161,False
2026-04-05T01:22:15.489150,cam1,0.0003,0.161,False
2026-04-05T01:22:16.761308,cam1,0.0003,0.161,False
2026-04-05T01:22:18.020263,cam1,0.0010,0.161,False
2026-04-05T01:22:19.285831,cam1,0.1636,0.161,True
2026-04-05T01:22:20.576256,cam1,0.0004,0.161,False
2026-04-05T01:22:21.842764,cam1,0.0004,0.161,False
2026-04-05T01:22:23.115611,cam1,0.0003,0.161,False
2026-04-05T01:22:24.381017,cam1,0.0002,0.161,False
2026-04-05T01:22:25.663040,cam1,0.0003,0.161,False
2026-04-05T01:22:26.922731,cam1,0.0003,0.161,False
2026-04-05T01:22:28.188805,cam1,0.0003,0.161,False
2026-04-05T01:22:29.453674,cam1,0.0003,0.161,False
2026-04-05T01:22:30.719116,cam1,0.0003,0.161,False
2026-04-05T01:22:32.020549,cam1,0.0003,0.161,False
2026-04-05T01:22:33.289337,cam1,0.0003,0.161,False
2026-04-05T01:22:34.568690,cam1,0.0004,0.161,False
2026-04-05T01:22:36.044296,cam1,0.0004,0.161,False
2026-04-05T01:22:37.558440,cam1,0.0009,0.161,False
2026-04-05T01:22:39.100098,cam1,0.0003,0.161,False
2026-04-05T01:22:40.529287,cam1,0.0003,0.161,False
2026-04-05T01:22:42.043625,cam1,0.0003,0.161,False
2026-04-05T01:22:43.509734,cam1,0.0007,0.161,False
2026-04-05T01:22:44.977327,cam1,0.0006,0.161,False
2026-04-05T01:22:46.268158,cam1,0.0003,0.161,False
2026-04-05T01:22:47.557043,cam1,0.0734,0.161,False
2026-04-05T01:22:48.866493,cam1,0.0693,0.161,False
2026-04-05T01:22:50.150651,cam1,0.0033,0.161,False
2026-04-05T01:22:51.452436,cam1,0.4521,0.161,True
2026-04-05T01:22:52.743503,cam1,0.0085,0.161,False
2026-04-05T01:22:54.033214,cam1,0.0004,0.161,False
2026-04-05T01:22:55.329920,cam1,0.0003,0.161,False
2026-04-05T01:22:56.598795,cam1,0.0003,0.161,False
2026-04-05T01:22:57.856187,cam1,0.0003,0.161,False
2026-04-05T01:22:59.157169,cam1,0.0005,0.161,False
2026-04-05T01:23:00.449973,cam1,0.0004,0.161,False
2026-04-05T01:23:01.722085,cam1,0.9516,0.161,True
2026-04-05T01:23:02.980757,cam1,0.0004,0.161,False
2026-04-05T01:23:04.242091,cam1,0.0003,0.161,False
2026-04-05T01:23:05.512239,cam1,0.0004,0.161,False
2026-04-05T01:23:06.771053,cam1,0.0004,0.161,False
2026-04-05T01:23:08.034004,cam1,0.0024,0.161,False
2026-04-05T01:23:09.336883,cam1,0.0018,0.161,False
2026-04-05T01:23:10.596362,cam1,0.0467,0.161,False
2026-04-05T01:23:11.878434,cam1,0.0011,0.161,False
2026-04-05T01:23:13.153414,cam1,0.0003,0.161,False
2026-04-05T01:23:14.420618,cam1,0.0003,0.161,False
2026-04-05T01:23:15.682694,cam1,0.0003,0.161,False
2026-04-05T01:23:16.940781,cam1,0.0003,0.161,False
2026-04-05T01:23:18.205480,cam1,0.0003,0.161,False
2026-04-05T01:23:19.513983,cam1,0.0012,0.161,False
2026-04-05T01:23:20.765751,cam1,0.0004,0.161,False
2026-04-05T01:23:22.036434,cam1,0.0004,0.161,False
2026-04-05T01:23:23.300816,cam1,0.0003,0.161,False
2026-04-05T01:23:24.591975,cam1,0.0003,0.161,False
2026-04-05T01:23:25.861069,cam1,0.0003,0.161,False
2026-04-05T01:23:27.127911,cam1,0.0003,0.161,False
2026-04-05T01:23:28.386649,cam1,0.0003,0.161,False
2026-04-05T01:23:29.718507,cam1,0.0004,0.161,False
2026-04-05T01:23:30.982758,cam1,0.0014,0.161,False
2026-04-05T01:23:32.241770,cam1,0.0004,0.161,False
2026-04-05T01:23:33.509823,cam1,0.0009,0.161,False
2026-04-05T01:23:34.769708,cam1,0.0024,0.161,False
2026-04-05T01:23:36.033820,cam1,0.0003,0.161,False
2026-04-05T01:23:37.314103,cam1,0.0003,0.161,False
2026-04-05T01:23:38.588767,cam1,0.0003,0.161,False
2026-04-05T01:23:39.855439,cam1,0.0003,0.161,False
2026-04-05T01:23:41.120723,cam1,0.0003,0.161,False
2026-04-05T01:23:42.397318,cam1,0.0003,0.161,False
2026-04-05T01:23:43.693809,cam1,0.0003,0.161,False
2026-04-05T01:23:44.980755,cam1,0.0003,0.161,False
2026-04-05T01:23:46.244381,cam1,0.0003,0.161,False
2026-04-05T01:23:47.504436,cam1,0.0003,0.161,False
2026-04-05T01:23:48.774607,cam1,0.0004,0.161,False
2026-04-05T01:23:50.040921,cam1,0.0004,0.161,False
2026-04-05T01:23:51.302821,cam1,0.0004,0.161,False
2026-04-05T01:23:52.566111,cam1,0.0004,0.161,False
2026-04-05T01:23:53.835712,cam1,0.0003,0.161,False
2026-04-05T01:23:55.089725,cam1,0.0003,0.161,False
2026-04-05T01:23:56.389140,cam1,0.0003,0.161,False
2026-04-05T01:23:57.646716,cam1,0.0004,0.161,False
2026-04-05T01:23:58.913024,cam1,0.0003,0.161,False
2026-04-05T01:24:00.172593,cam1,0.0003,0.161,False
2026-04-05T01:24:01.452726,cam1,0.0003,0.161,False
2026-04-05T01:24:02.735839,cam1,0.0003,0.161,False
2026-04-05T01:24:04.004300,cam1,0.0003,0.161,False
2026-04-05T01:24:05.278958,cam1,0.0003,0.161,False
2026-04-05T01:24:06.571063,cam1,0.0003,0.161,False
2026-04-05T01:24:07.822982,cam1,0.0003,0.161,False
2026-04-05T01:24:09.092814,cam1,0.0003,0.161,False
2026-04-05T01:24:10.352709,cam1,0.0003,0.161,False
2026-04-05T01:24:11.655360,cam1,0.0003,0.161,False
2026-04-05T01:24:12.919770,cam1,0.0003,0.161,False
2026-04-05T01:24:14.175277,cam1,0.0003,0.161,False
2026-04-05T01:24:15.445957,cam1,0.0003,0.161,False
2026-04-05T01:24:16.772041,cam1,0.0003,0.161,False
2026-04-05T01:24:18.035839,cam1,0.0003,0.161,False
2026-04-05T01:24:19.294644,cam1,0.0003,0.161,False
2026-04-05T01:24:20.563775,cam1,0.0003,0.161,False
2026-04-05T01:24:21.830640,cam1,0.0003,0.161,False
2026-04-05T01:24:23.094550,cam1,0.0003,0.161,False
2026-04-05T01:24:24.350060,cam1,0.0003,0.161,False
2026-04-05T01:24:25.625964,cam1,0.0003,0.161,False
2026-04-05T01:24:26.936073,cam1,0.0003,0.161,False
2026-04-05T01:24:28.215817,cam1,0.0003,0.161,False
2026-04-05T01:24:29.474940,cam1,0.0004,0.161,False
2026-04-05T01:24:30.734268,cam1,0.0003,0.161,False
2026-04-05T01:24:32.035522,cam1,0.0003,0.161,False
2026-04-05T01:24:33.290132,cam1,0.0003,0.161,False
2026-04-05T01:24:34.567249,cam1,0.0003,0.161,False
2026-04-05T01:24:35.836526,cam1,0.0003,0.161,False
2026-04-05T01:24:37.128145,cam1,0.0003,0.161,False
2026-04-05T01:24:38.377330,cam1,0.0003,0.161,False
2026-04-05T01:24:39.656120,cam1,0.0003,0.161,False
2026-04-05T01:24:40.917498,cam1,0.0039,0.161,False
2026-04-05T01:24:42.177300,cam1,0.0015,0.161,False
2026-04-05T01:24:43.435942,cam1,0.0007,0.161,False
2026-04-05T01:24:44.703495,cam1,0.0003,0.161,False
2026-04-05T01:24:45.962609,cam1,0.0003,0.161,False
2026-04-05T01:24:47.234335,cam1,0.0007,0.161,False
2026-04-05T01:24:48.523408,cam1,0.0003,0.161,False
2026-04-05T01:24:49.812584,cam1,0.0005,0.161,False
2026-04-05T01:24:51.092634,cam1,0.0004,0.161,False
2026-04-05T01:24:52.359532,cam1,0.0003,0.161,False
2026-04-05T01:24:53.620150,cam1,0.0003,0.161,False
2026-04-05T01:24:54.881516,cam1,0.0003,0.161,False
2026-04-05T01:24:56.153903,cam1,0.0003,0.161,False
2026-04-05T01:24:57.418958,cam1,0.0002,0.161,False
2026-04-05T01:24:58.706585,cam1,0.0002,0.161,False
2026-04-05T01:24:59.966805,cam1,0.0003,0.161,False
2026-04-05T01:25:01.232433,cam1,0.0003,0.161,False
2026-04-05T01:25:02.499867,cam1,0.0003,0.161,False
2026-04-05T01:25:03.788528,cam1,0.0003,0.161,False
2026-04-05T01:25:05.064335,cam1,0.0002,0.161,False
2026-04-05T01:25:06.317287,cam1,0.0002,0.161,False
2026-04-05T01:25:07.585587,cam1,0.0003,0.161,False
2026-04-05T01:25:08.890801,cam1,0.0005,0.161,False
2026-04-05T01:25:10.171329,cam1,0.2883,0.161,True
2026-04-05T01:25:11.444293,cam1,0.0010,0.161,False
2026-04-05T01:25:12.706130,cam1,0.0008,0.161,False
2026-04-05T01:25:13.975781,cam1,0.0007,0.161,False
2026-04-05T01:25:15.240874,cam1,0.0029,0.161,False
2026-04-05T01:25:16.503626,cam1,0.0037,0.161,False
2026-04-05T01:25:17.760498,cam1,0.0009,0.161,False
2026-04-05T01:25:19.070511,cam1,0.0006,0.161,False
2026-04-05T01:25:20.350923,cam1,0.0006,0.161,False
2026-04-05T01:25:21.631010,cam1,0.0243,0.161,False
2026-04-05T01:25:22.916838,cam1,0.0282,0.161,False
2026-04-05T01:25:24.197787,cam1,0.2846,0.161,True
2026-04-05T01:25:25.474310,cam1,0.0002,0.161,False
2026-04-05T01:25:26.741532,cam1,0.0002,0.161,False
2026-04-05T01:25:28.000416,cam1,0.0002,0.161,False
2026-04-05T01:25:29.265255,cam1,0.0002,0.161,False
2026-04-05T01:25:30.560133,cam1,0.0002,0.161,False
2026-04-05T01:25:31.830392,cam1,0.0002,0.161,False
2026-04-05T01:25:33.091779,cam1,0.0002,0.161,False
2026-04-05T01:25:34.364112,cam1,0.0002,0.161,False
2026-04-05T01:25:35.679995,cam1,0.0002,0.161,False
2026-04-05T01:25:36.951832,cam1,0.0002,0.161,False
2026-04-05T01:25:38.209028,cam1,0.0003,0.161,False
2026-04-05T01:25:39.489707,cam1,0.2734,0.161,True
2026-04-05T01:25:40.772120,cam1,0.1056,0.161,False
2026-04-05T01:25:42.032708,cam1,0.0003,0.161,False
2026-04-05T01:25:43.298492,cam1,0.0003,0.161,False
2026-04-05T01:25:44.572640,cam1,0.0003,0.161,False
2026-04-05T01:25:45.834538,cam1,0.0003,0.161,False
2026-04-05T01:25:47.095043,cam1,0.0003,0.161,False
2026-04-05T01:25:48.356885,cam1,0.0003,0.161,False
2026-04-05T01:25:49.631074,cam1,0.0003,0.161,False
2026-04-05T01:25:50.918406,cam1,0.0003,0.161,False
2026-04-05T01:25:52.179028,cam1,0.0003,0.161,False
2026-04-05T01:25:53.452562,cam1,0.0005,0.161,False
2026-04-05T01:25:54.707003,cam1,0.0003,0.161,False
2026-04-05T01:25:55.981298,cam1,0.0007,0.161,False
2026-04-05T01:25:57.243243,cam1,0.0003,0.161,False
2026-04-05T01:25:58.789903,cam1,0.0024,0.161,False
2026-04-05T01:26:00.313309,cam1,0.0003,0.161,False
2026-04-05T01:26:01.779127,cam1,0.0003,0.161,False
2026-04-05T01:26:03.375392,cam1,0.0003,0.161,False
2026-04-05T01:26:04.911203,cam1,0.0003,0.161,False
2026-04-05T01:26:06.331272,cam1,0.0003,0.161,False
2026-04-05T01:26:07.802202,cam1,0.0004,0.161,False
2026-04-05T01:26:09.096361,cam1,0.0004,0.161,False
2026-04-05T01:26:10.375667,cam1,0.0003,0.161,False
2026-04-05T01:26:11.634972,cam1,0.0003,0.161,False
2026-04-05T01:26:12.898612,cam1,0.0003,0.161,False
2026-04-05T01:26:14.155353,cam1,0.0003,0.161,False
2026-04-05T01:26:15.440653,cam1,0.0003,0.161,False
2026-04-05T01:26:16.721833,cam1,0.0003,0.161,False
2026-04-05T01:26:17.998815,cam1,0.0003,0.161,False
2026-04-05T01:26:19.289932,cam1,0.0003,0.161,False
2026-04-05T01:26:20.563896,cam1,0.0003,0.161,False
2026-04-05T01:26:21.836457,cam1,0.0003,0.161,False
2026-04-05T01:26:23.107373,cam1,0.0003,0.161,False
2026-04-05T01:26:24.372339,cam1,0.0015,0.161,False
2026-04-05T01:26:25.636758,cam1,0.0458,0.161,False
2026-04-05T01:26:26.903703,cam1,0.2648,0.161,True
2026-04-05T01:26:28.159020,cam1,0.0005,0.161,False
2026-04-05T01:26:29.427719,cam1,0.0006,0.161,False
2026-04-05T01:26:30.682410,cam1,0.0006,0.161,False
2026-04-05T01:26:31.955203,cam1,0.0006,0.161,False
2026-04-05T01:26:33.241096,cam1,0.0005,0.161,False
2026-04-05T01:26:34.519208,cam1,0.0005,0.161,False
2026-04-05T01:26:35.780922,cam1,0.0006,0.161,False
2026-04-05T01:26:37.043803,cam1,0.0005,0.161,False
2026-04-05T01:26:38.342414,cam1,0.0005,0.161,False
2026-04-05T01:26:39.601593,cam1,0.0006,0.161,False
2026-04-05T01:26:40.858479,cam1,0.0006,0.161,False
2026-04-05T01:26:42.132958,cam1,0.0007,0.161,False
2026-04-05T01:26:43.432462,cam1,0.0012,0.161,False
2026-04-05T01:26:44.697008,cam1,0.0013,0.161,False
2026-04-05T01:26:45.963317,cam1,0.0018,0.161,False
2026-04-05T01:26:47.234624,cam1,0.0006,0.161,False
2026-04-05T01:26:48.513605,cam1,0.0005,0.161,False
2026-04-05T01:26:49.784296,cam1,0.0006,0.161,False
2026-04-05T01:26:51.041125,cam1,0.0014,0.161,False
2026-04-05T01:26:52.305282,cam1,0.0068,0.161,False
2026-04-05T01:26:53.604196,cam1,0.0116,0.161,False
2026-04-05T01:26:54.869481,cam1,0.0751,0.161,False
2026-04-05T01:26:56.142131,cam1,0.2900,0.161,True
2026-04-05T01:26:57.436821,cam1,0.0004,0.161,False
2026-04-05T01:26:58.694369,cam1,0.0037,0.161,False
2026-04-05T01:26:59.956594,cam1,0.0062,0.161,False
2026-04-05T01:27:01.228248,cam1,0.0010,0.161,False
2026-04-05T01:27:02.516646,cam1,0.0035,0.161,False
2026-04-05T01:27:03.776907,cam1,0.0048,0.161,False
2026-04-05T01:27:05.042674,cam1,0.0010,0.161,False
2026-04-05T01:27:06.300242,cam1,0.0018,0.161,False
2026-04-05T01:27:07.565827,cam1,0.0065,0.161,False
2026-04-05T01:27:08.833066,cam1,0.0380,0.161,False
2026-04-05T01:27:10.124152,cam1,0.0112,0.161,False
2026-04-05T01:27:11.396844,cam1,0.0056,0.161,False
2026-04-05T01:27:12.687617,cam1,0.0009,0.161,False
2026-04-05T01:27:13.951498,cam1,0.0018,0.161,False
2026-04-05T01:27:15.235729,cam1,0.4928,0.161,True
2026-04-05T01:27:16.520380,cam1,0.0010,0.161,False
2026-04-05T01:27:17.784641,cam1,0.0007,0.161,False
2026-04-05T01:27:19.049172,cam1,0.0007,0.161,False
2026-04-05T01:27:20.305876,cam1,0.0044,0.161,False
2026-04-05T01:27:21.568821,cam1,0.0008,0.161,False
2026-04-05T01:27:22.827261,cam1,0.0005,0.161,False
2026-04-05T01:27:24.096319,cam1,0.0009,0.161,False
2026-04-05T01:27:25.651212,cam1,0.0007,0.161,False
2026-04-05T01:27:27.065651,cam1,0.0019,0.161,False
2026-04-05T01:27:28.530721,cam1,0.8786,0.161,True
2026-04-05T01:27:30.061837,cam1,0.0016,0.161,False
2026-04-05T01:27:31.461096,cam1,0.0082,0.161,False
2026-04-05T01:27:32.856359,cam1,0.0029,0.161,False
2026-04-05T01:27:34.289937,cam1,0.0033,0.161,False
2026-04-05T01:27:35.702843,cam1,0.0030,0.161,False
2026-04-05T01:27:37.122422,cam1,0.0201,0.161,False
2026-04-05T01:27:38.543760,cam1,0.0031,0.161,False
2026-04-05T01:27:40.002530,cam1,0.0008,0.161,False
2026-04-05T01:27:41.512829,cam1,0.0009,0.161,False
2026-04-05T01:27:42.971158,cam1,0.0008,0.161,False
2026-04-05T01:27:44.408391,cam1,0.0212,0.161,False
2026-04-05T01:27:45.832500,cam1,0.0010,0.161,False
2026-04-05T01:27:47.276002,cam1,0.0015,0.161,False
2026-04-05T01:27:48.713687,cam1,0.0007,0.161,False
2026-04-05T01:27:50.124141,cam1,0.0005,0.161,False
2026-04-05T01:27:51.654264,cam1,0.0005,0.161,False
2026-04-05T01:27:53.310759,cam1,0.0005,0.161,False
2026-04-05T01:27:54.809457,cam1,0.0005,0.161,False
2026-04-05T01:27:56.248931,cam1,0.0008,0.161,False
2026-04-05T01:27:57.700464,cam1,0.0005,0.161,False
2026-04-05T01:27:59.218249,cam1,0.0010,0.161,False
2026-04-05T01:28:00.707182,cam1,0.0008,0.161,False
2026-04-05T01:28:02.113096,cam1,0.0006,0.161,False
2026-04-05T01:28:03.566908,cam1,0.0006,0.161,False
2026-04-05T01:28:04.978582,cam1,0.0006,0.161,False
2026-04-05T01:28:06.433910,cam1,0.0007,0.161,False
2026-04-05T01:28:07.880628,cam1,0.0006,0.161,False
2026-04-05T01:28:09.316335,cam1,0.0007,0.161,False
2026-04-05T01:28:10.745336,cam1,0.0006,0.161,False
2026-04-05T01:28:12.156979,cam1,0.0006,0.161,False
2026-04-05T01:28:13.411813,cam1,0.0006,0.161,False
2026-04-05T01:28:14.676185,cam1,0.0005,0.161,False
2026-04-05T01:28:15.943374,cam1,0.0005,0.161,False
2026-04-05T01:28:17.198842,cam1,0.0005,0.161,False
2026-04-05T01:28:18.462952,cam1,0.0006,0.161,False
2026-04-05T01:28:19.728886,cam1,0.0007,0.161,False
2026-04-05T01:28:21.001764,cam1,0.0006,0.161,False
2026-04-05T01:28:22.254749,cam1,0.0006,0.161,False
2026-04-05T01:28:23.515132,cam1,0.0005,0.161,False
2026-04-05T01:28:24.783258,cam1,0.0005,0.161,False
2026-04-05T01:28:26.049433,cam1,0.0004,0.161,False
2026-04-05T01:28:27.322265,cam1,0.0487,0.161,False
2026-04-05T01:28:28.570438,cam1,0.0006,0.161,False
2026-04-05T01:28:29.849006,cam1,0.1217,0.161,True
2026-04-05T01:28:31.105871,cam1,0.0006,0.161,False
2026-04-05T01:28:32.483618,cam1,0.0005,0.161,False
2026-04-05T01:28:33.761172,cam1,0.0005,0.161,False
2026-04-05T01:28:35.018305,cam1,0.0005,0.161,False
2026-04-05T01:28:36.282992,cam1,0.0005,0.161,False
2026-04-05T01:28:37.586098,cam1,0.0005,0.161,False
2026-04-05T01:28:38.852113,cam1,0.0005,0.161,False
2026-04-05T01:28:40.104342,cam1,0.0005,0.161,False
2026-04-05T01:28:41.382049,cam1,0.0005,0.161,False
2026-04-05T01:28:42.651459,cam1,0.0005,0.161,False
2026-04-05T01:28:44.090791,cam1,0.0028,0.161,False
2026-04-05T01:28:45.598777,cam1,0.0013,0.161,False
2026-04-05T01:28:46.867788,cam1,0.0011,0.161,False
2026-04-05T01:28:48.331692,cam1,0.0013,0.161,False
2026-04-05T01:28:49.776737,cam1,0.0012,0.161,False
2026-04-05T01:28:51.252004,cam1,0.0011,0.161,False
2026-04-05T01:28:52.691381,cam1,0.0011,0.161,False
2026-04-05T01:28:54.162123,cam1,0.0011,0.161,False
2026-04-05T01:28:55.834951,cam1,0.0010,0.161,False
2026-04-05T01:28:57.349098,cam1,0.0009,0.161,False
2026-04-05T01:28:58.835694,cam1,0.0012,0.161,False
2026-04-05T01:29:00.504769,cam1,0.0010,0.161,False
2026-04-05T01:29:01.940730,cam1,0.0010,0.161,False
2026-04-05T01:29:03.417988,cam1,0.0010,0.161,False
2026-04-05T01:29:04.868869,cam1,0.0014,0.161,False
2026-04-05T01:29:06.500470,cam1,0.0018,0.161,False
2026-04-05T01:29:07.820081,cam1,0.0017,0.161,False
2026-04-05T01:29:09.156731,cam1,0.0019,0.161,False
2026-04-05T01:29:10.479533,cam1,0.0017,0.161,False
2026-04-05T01:29:11.795517,cam1,0.0013,0.161,False
2026-04-05T01:29:13.083283,cam1,0.0008,0.161,False
2026-04-05T01:29:14.353889,cam1,0.0007,0.161,False
2026-04-05T01:29:15.647940,cam1,0.0006,0.161,False
2026-04-05T01:29:16.971273,cam1,0.0008,0.161,False
2026-04-05T01:29:18.249173,cam1,0.0009,0.161,False
2026-04-05T01:29:19.531941,cam1,0.0008,0.161,False
2026-04-05T01:29:20.799435,cam1,0.0040,0.161,False
2026-04-05T01:29:22.100432,cam1,0.0019,0.161,False
2026-04-05T01:29:23.385517,cam1,0.0014,0.161,False
2026-04-05T01:29:24.654030,cam1,0.0015,0.161,False
2026-04-05T01:29:25.973303,cam1,0.0012,0.161,False
2026-04-05T01:29:27.267561,cam1,0.0017,0.161,False
2026-04-05T01:29:28.582351,cam1,0.0016,0.161,False
2026-04-05T01:29:29.889524,cam1,0.0068,0.161,False
2026-04-05T01:29:31.179011,cam1,0.0015,0.161,False
2026-04-05T01:29:32.498126,cam1,0.0450,0.161,False
2026-04-05T01:29:33.824759,cam1,0.0016,0.161,False
2026-04-05T01:29:35.187163,cam1,0.0028,0.161,False
2026-04-05T01:29:36.463538,cam1,0.1034,0.161,False
2026-04-05T01:29:37.963311,cam1,0.0012,0.161,False
2026-04-05T01:29:39.441147,cam1,0.0012,0.161,False
2026-04-05T01:29:40.770025,cam1,0.0013,0.161,False
2026-04-05T01:29:42.043093,cam1,0.0010,0.161,False
2026-04-05T01:29:43.295372,cam1,0.0063,0.161,False
2026-04-05T01:31:10.636647,cam1,0.0011,0.161,False
2026-04-05T01:31:11.983526,cam1,0.0011,0.161,False
2026-04-05T01:31:13.307596,cam1,0.0009,0.161,False
2026-04-05T01:31:14.609581,cam1,0.0010,0.161,False
2026-04-05T01:31:15.893691,cam1,0.0019,0.161,False
2026-04-05T01:31:17.198714,cam1,0.0009,0.161,False
2026-04-05T01:31:18.662924,cam1,0.0010,0.161,False
2026-04-05T01:31:20.228507,cam1,0.0188,0.161,False
2026-04-05T01:31:21.781537,cam1,0.0012,0.161,False
2026-04-05T01:31:23.254514,cam1,0.0011,0.161,False
2026-04-05T01:31:24.706160,cam1,0.0016,0.161,False
2026-04-05T01:31:26.217197,cam1,0.0011,0.161,False
2026-04-05T01:31:27.944249,cam1,0.0017,0.161,False
2026-04-05T01:31:29.499418,cam1,0.0023,0.161,False
2026-04-05T01:31:30.953867,cam1,0.0026,0.161,False
2026-04-05T01:31:32.434405,cam1,0.0012,0.161,False
2026-04-05T01:31:33.941910,cam1,0.0102,0.161,False
2026-04-05T01:31:35.537762,cam1,0.0021,0.161,False
2026-04-05T01:31:37.082357,cam1,0.0006,0.161,False
2026-04-05T01:31:38.499309,cam1,0.0010,0.161,False
2026-04-05T01:31:40.013138,cam1,0.0014,0.161,False
2026-04-05T01:31:41.522542,cam1,0.0027,0.161,False
2026-04-05T01:31:43.019336,cam1,0.0386,0.161,False
2026-04-05T01:31:44.543246,cam1,0.0509,0.161,False
2026-04-05T01:31:46.018614,cam1,0.0009,0.161,False
2026-04-05T01:31:47.396953,cam1,0.0009,0.161,False
2026-04-05T01:31:48.677236,cam1,0.0010,0.161,False
2026-04-05T01:31:49.978796,cam1,0.0009,0.161,False
2026-04-05T01:31:51.276396,cam1,0.0012,0.161,False
2026-04-05T01:31:52.565848,cam1,0.0011,0.161,False
2026-04-05T01:31:53.870901,cam1,0.0015,0.161,False
2026-04-05T01:31:55.151790,cam1,0.0011,0.161,False
2026-04-05T01:31:56.461052,cam1,0.0009,0.161,False
2026-04-05T01:31:57.752937,cam1,0.0010,0.161,False
2026-04-05T01:31:59.042018,cam1,0.0006,0.161,False
2026-04-05T01:32:00.356113,cam1,0.0005,0.161,False
2026-04-05T01:32:01.642870,cam1,0.0006,0.161,False
2026-04-05T01:32:02.932272,cam1,0.0007,0.161,False
2026-04-05T01:32:04.196180,cam1,0.0006,0.161,False
2026-04-05T01:32:05.469837,cam1,0.0006,0.161,False
2026-04-05T01:32:06.755384,cam1,0.0007,0.161,False
2026-04-05T01:32:08.023803,cam1,0.0006,0.161,False
2026-04-05T01:32:09.313592,cam1,0.0007,0.161,False
2026-04-05T01:32:10.580597,cam1,0.0006,0.161,False
2026-04-05T01:32:11.838590,cam1,0.0005,0.161,False
2026-04-05T01:32:13.108385,cam1,0.0006,0.161,False
2026-04-05T01:32:14.419963,cam1,0.0006,0.161,False
2026-04-05T01:32:15.701254,cam1,0.0006,0.161,False
2026-04-05T01:32:16.962465,cam1,0.0007,0.161,False
2026-04-05T01:32:18.227104,cam1,0.0006,0.161,False
2026-04-05T01:32:19.482216,cam1,0.0006,0.161,False
2026-04-05T01:32:20.748025,cam1,0.0007,0.161,False
2026-04-05T01:32:22.015006,cam1,0.0006,0.161,False
2026-04-05T01:32:23.281669,cam1,0.0007,0.161,False
2026-04-05T01:32:24.550923,cam1,0.0006,0.161,False
2026-04-05T01:32:25.808566,cam1,0.0006,0.161,False
2026-04-05T01:32:27.086651,cam1,0.0006,0.161,False
2026-04-05T01:32:28.373956,cam1,0.0006,0.161,False
2026-04-05T01:32:29.640566,cam1,0.0009,0.161,False
2026-04-05T01:32:30.934101,cam1,0.0006,0.161,False
2026-04-05T01:32:32.206520,cam1,0.0007,0.161,False
2026-04-05T01:32:33.480912,cam1,0.0007,0.161,False
2026-04-05T01:32:34.747468,cam1,0.0007,0.161,False
2026-04-05T01:32:36.014892,cam1,0.0006,0.161,False
2026-04-05T01:32:37.286175,cam1,0.0008,0.161,False
2026-04-05T01:32:38.539533,cam1,0.0006,0.161,False
2026-04-05T01:32:39.826242,cam1,0.0008,0.161,False
2026-04-05T01:32:41.118226,cam1,0.0007,0.161,False
2026-04-05T01:32:42.399807,cam1,0.0006,0.161,False
2026-04-05T01:32:43.682186,cam1,0.0006,0.161,False
2026-04-05T01:32:44.967553,cam1,0.0007,0.161,False
2026-04-05T01:32:46.229637,cam1,0.0006,0.161,False
2026-04-05T01:32:47.486609,cam1,0.0006,0.161,False
2026-04-05T01:32:48.751204,cam1,0.0007,0.161,False
2026-04-05T01:32:50.015589,cam1,0.0006,0.161,False
2026-04-05T01:32:51.291009,cam1,0.0006,0.161,False
2026-04-05T01:32:52.572785,cam1,0.0007,0.161,False
2026-04-05T01:32:53.838961,cam1,0.0007,0.161,False
2026-04-05T01:32:55.111043,cam1,0.0007,0.161,False
2026-04-05T01:32:56.365384,cam1,0.0007,0.161,False
2026-04-05T01:32:57.625170,cam1,0.0007,0.161,False
2026-04-05T01:32:58.886469,cam1,0.0006,0.161,False
2026-04-05T01:33:00.158141,cam1,0.0006,0.161,False
2026-04-05T01:33:01.415826,cam1,0.0006,0.161,False
2026-04-05T01:33:02.688576,cam1,0.0006,0.161,False
2026-04-05T01:33:03.951661,cam1,0.0006,0.161,False
2026-04-05T01:33:05.221103,cam1,0.0006,0.161,False
2026-04-05T01:33:06.473590,cam1,0.0006,0.161,False
2026-04-05T01:33:07.740245,cam1,0.0006,0.161,False
2026-04-05T01:33:09.010970,cam1,0.0006,0.161,False
2026-04-05T01:33:10.283933,cam1,0.0006,0.161,False
2026-04-05T01:33:11.575362,cam1,0.0006,0.161,False
2026-04-05T01:33:12.839210,cam1,0.0029,0.161,False
2026-04-05T01:33:14.088658,cam1,0.0006,0.161,False
2026-04-05T01:33:15.365955,cam1,0.0006,0.161,False
2026-04-05T01:33:16.624891,cam1,0.0006,0.161,False
2026-04-05T01:33:17.912688,cam1,0.0007,0.161,False
2026-04-05T01:33:19.178897,cam1,0.0009,0.161,False
2026-04-05T01:33:20.446030,cam1,0.0006,0.161,False
2026-04-05T01:33:21.708643,cam1,0.0007,0.161,False
2026-04-05T01:33:23.018892,cam1,0.0008,0.161,False
2026-04-05T01:33:24.315572,cam1,0.0006,0.161,False
2026-04-05T01:33:25.600631,cam1,0.0006,0.161,False
2026-04-05T01:33:26.874034,cam1,0.0006,0.161,False
2026-04-05T01:33:28.124371,cam1,0.0006,0.161,False
2026-04-05T01:33:29.394447,cam1,0.0006,0.161,False
2026-04-05T01:33:30.661852,cam1,0.0006,0.161,False
2026-04-05T01:33:31.920585,cam1,0.0152,0.161,False
2026-04-05T01:33:33.178650,cam1,0.0009,0.161,False
2026-04-05T01:33:34.456020,cam1,0.0011,0.161,False
2026-04-05T01:33:35.753178,cam1,0.0009,0.161,False
2026-04-05T01:33:37.010308,cam1,0.0007,0.161,False
2026-04-05T01:33:38.269953,cam1,0.0007,0.161,False
2026-04-05T01:33:39.532206,cam1,0.0008,0.161,False
2026-04-05T01:33:40.795919,cam1,0.0006,0.161,False
2026-04-05T01:33:42.061851,cam1,0.0007,0.161,False
2026-04-05T01:33:43.358240,cam1,0.0007,0.161,False
2026-04-05T01:33:44.788432,cam1,0.0006,0.161,False
2026-04-05T01:33:46.327620,cam1,0.0005,0.161,False
2026-04-05T01:33:47.779443,cam1,0.0006,0.161,False
2026-04-05T01:33:49.299382,cam1,0.0006,0.161,False
2026-04-05T01:33:50.728788,cam1,0.0007,0.161,False
2026-04-05T01:33:52.224249,cam1,0.0008,0.161,False
2026-04-05T01:33:53.698637,cam1,0.0010,0.161,False
2026-04-05T01:33:55.186067,cam1,0.0006,0.161,False
2026-04-05T01:33:56.767377,cam1,0.0006,0.161,False
2026-04-05T01:33:58.071802,cam1,0.0006,0.161,False
2026-04-05T01:33:59.365059,cam1,0.0006,0.161,False
2026-04-05T01:34:00.650903,cam1,0.0006,0.161,False
2026-04-05T01:34:01.911373,cam1,0.0006,0.161,False
2026-04-05T01:34:03.199019,cam1,0.0006,0.161,False
2026-04-05T01:34:04.493153,cam1,0.0005,0.161,False
2026-04-05T01:34:05.781098,cam1,0.0004,0.161,False
2026-04-05T01:34:07.072393,cam1,0.0005,0.161,False
2026-04-05T01:34:08.362817,cam1,0.0023,0.161,False
2026-04-05T01:34:09.625004,cam1,0.0006,0.161,False
2026-04-05T01:34:10.902252,cam1,0.0023,0.161,False
2026-04-05T01:34:12.157088,cam1,0.0019,0.161,False
2026-04-05T01:34:13.455885,cam1,0.1287,0.161,False
2026-04-05T01:34:14.721536,cam1,0.0077,0.161,False
2026-04-05T01:34:16.016061,cam1,0.0013,0.161,False
2026-04-05T01:34:17.331431,cam1,0.0375,0.161,False
2026-04-05T01:34:18.623085,cam1,0.0014,0.161,False
2026-04-05T01:34:19.938933,cam1,0.0010,0.161,False
2026-04-05T01:34:21.205949,cam1,0.0009,0.161,False
2026-04-05T01:34:22.720335,cam1,0.0006,0.161,False
2026-04-05T01:34:24.024493,cam1,0.0006,0.161,False
2026-04-05T01:34:25.336487,cam1,0.0007,0.161,False
2026-04-05T01:34:26.589022,cam1,0.0041,0.161,False
2026-04-05T01:34:27.856811,cam1,0.0391,0.161,False
2026-04-05T01:34:29.115029,cam1,0.0268,0.161,False
2026-04-05T01:34:30.442362,cam1,0.8338,0.161,True
